﻿<?xml version="1.0" encoding="utf-8"?>
<Objects xmlns="qv">
  <Object name="WWPBaseObjects.GetHomeSampleData" id="1" type="DataProvider" xmlns="qv">
    <DefaultOutput type="OutputTypePivotTable" xmlns="qv" />
  </Object>
  <Object name="WWPBaseObjects.GetHomeSampleNameValueData" id="2" type="DataProvider" xmlns="qv">
    <DefaultOutput type="OutputTypePivotTable" xmlns="qv" />
  </Object>
  <Object name="WWPBaseObjects.SecGAMGetAdvancedSecurityWWPFunctionalities" id="3" type="DataProvider" xmlns="qv">
    <DefaultOutput type="OutputTypePivotTable" xmlns="qv" />
  </Object>
  <Object name="WWPBaseObjects.MenuOptionsData" id="4" type="DataProvider" xmlns="qv">
    <DefaultOutput type="OutputTypePivotTable" xmlns="qv" />
  </Object>
  <Object name="sse2_red_item" id="5" type="DataProvider" xmlns="qv">
    <DefaultOutput type="OutputTypePivotTable" xmlns="qv" />
  </Object>
  <Object name="RecuperaMovimento" id="6" type="DataProvider" xmlns="qv">
    <DefaultOutput type="OutputTypePivotTable" xmlns="qv" />
  </Object>
  <Object name="ec_bandeira" id="7" type="DataProvider" xmlns="qv">
    <DefaultOutput type="OutputTypePivotTable" xmlns="qv" />
  </Object>
  <Object name="BuscaTotaisDiariosPorBandeira" id="8" type="DataProvider" xmlns="qv">
    <DefaultOutput type="OutputTypePivotTable" xmlns="qv" />
  </Object>
  <Object name="MenuSubAdquirencia" id="9" type="DataProvider" xmlns="qv">
    <DefaultOutput type="OutputTypePivotTable" xmlns="qv" />
  </Object>
  <Object name="PC_RecuperaMovimento" id="10" type="DataProvider" xmlns="qv">
    <DefaultOutput type="OutputTypePivotTable" xmlns="qv" />
  </Object>
  <Object name="pc_bandeira" id="11" type="DataProvider" xmlns="qv">
    <DefaultOutput type="OutputTypePivotTable" xmlns="qv" />
  </Object>
  <Object name="PCBuscaTotaisDiariosPorBandeira" id="12" type="DataProvider" xmlns="qv">
    <DefaultOutput type="OutputTypePivotTable" xmlns="qv" />
  </Object>
  <Object name="GetDataAbertura" id="13" type="DataProvider" xmlns="qv">
    <DefaultOutput type="OutputTypePivotTable" xmlns="qv" />
  </Object>
  <Object name="GetDataAberturaPC" id="14" type="DataProvider" xmlns="qv">
    <DefaultOutput type="OutputTypePivotTable" xmlns="qv" />
  </Object>
  <Object name="sse2_red_col" id="15" type="DataProvider" xmlns="qv">
    <DefaultOutput type="OutputTypePivotTable" xmlns="qv" />
  </Object>
  <Object name="DPVLRREC0100" id="16" type="DataProvider" xmlns="qv">
    <DefaultOutput type="OutputTypePivotTable" xmlns="qv" />
  </Object>
  <Object name="DPEXTLAN0101" id="17" type="DataProvider" xmlns="qv">
    <DefaultOutput type="OutputTypePivotTable" xmlns="qv" />
  </Object>
  <Object name="DPVLRPAG0100" id="18" type="DataProvider" xmlns="qv">
    <DefaultOutput type="OutputTypePivotTable" xmlns="qv" />
  </Object>
  <Object name="HBFP053_ITEM" id="22" type="DataProvider" xmlns="qv">
    <DefaultOutput type="OutputTypePivotTable" xmlns="qv" />
  </Object>
  <Object name="WWPBaseObjects.GetHomeModulesSample" id="23" type="DataProvider" xmlns="qv">
    <DefaultOutput type="OutputTypePivotTable" xmlns="qv" />
  </Object>
  <Object name="WWPBaseObjects.GetMainHomeModulesSample" id="24" type="DataProvider" xmlns="qv">
    <DefaultOutput type="OutputTypePivotTable" xmlns="qv" />
  </Object>
  <Object name="WWPBaseObjects.GetSomeHomeModulesSample" id="25" type="DataProvider" xmlns="qv">
    <DefaultOutput type="OutputTypePivotTable" xmlns="qv" />
  </Object>
  <Object name="BandeiraCarrega" id="27" type="DataProvider" xmlns="qv">
    <DefaultOutput type="OutputTypePivotTable" xmlns="qv" />
  </Object>
  <Object name="HierarquiaTipoIdDP" id="28" type="DataProvider" xmlns="qv">
    <DefaultOutput type="OutputTypePivotTable" xmlns="qv" />
  </Object>
  <Object name="HierarquiaParceiroDP" id="29" type="DataProvider" xmlns="qv">
    <DefaultOutput type="OutputTypePivotTable" xmlns="qv" />
  </Object>
  <Object name="UsuarioHCDP" id="30" type="DataProvider" xmlns="qv">
    <DefaultOutput type="OutputTypePivotTable" xmlns="qv" />
  </Object>
</Objects>