﻿<?xml version="1.0" encoding="utf-8"?>
<Objects xmlns="qv">
  <Object name="ADQ0004" securityLevel="SecurityLow" permissionPrefix="ADQ0004" xmlns="qv" />
  <Object name="ANTPAG" securityLevel="SecurityLow" permissionPrefix="ANTPAG" xmlns="qv" />
  <Object name="CONDIV" securityLevel="SecurityLow" permissionPrefix="CONDIV" xmlns="qv" />
  <Object name="EST" securityLevel="SecurityLow" permissionPrefix="EST" xmlns="qv" />
  <Object name="POS_APELIDO" securityLevel="SecurityLow" permissionPrefix="POS_APELIDO" xmlns="qv" />
  <Object name="RAD0003" securityLevel="SecurityLow" permissionPrefix="RAD0003" xmlns="qv" />
  <Object name="SOLBOB" securityLevel="SecurityLow" permissionPrefix="SOLBOB" xmlns="qv" />
  <Object name="sse2_mnu_0002" securityLevel="SecurityLow" permissionPrefix="sse2_mnu_0002" xmlns="qv" />
  <Object name="sse2_usr_pref" securityLevel="SecurityLow" permissionPrefix="sse2_usr_pref" xmlns="qv" />
  <Object name="TABVEN03" securityLevel="SecurityLow" permissionPrefix="TABVEN03" xmlns="qv" />
  <Object name="TCON0100" securityLevel="SecurityLow" permissionPrefix="TCON0100" xmlns="qv" />
  <Object name="TMPTRNMUX" securityLevel="SecurityLow" permissionPrefix="TMPTRNMUX" xmlns="qv" />
  <Object name="TPOS0109" securityLevel="SecurityLow" permissionPrefix="TPOS0109" xmlns="qv" />
  <Object name="TUSUEST0100" securityLevel="SecurityLow" permissionPrefix="TUSUEST0100" xmlns="qv" />
  <Object name="TVLRREC0100" securityLevel="SecurityLow" permissionPrefix="TVLRREC0100" xmlns="qv" />
  <Object name="USUEST" securityLevel="SecurityLow" permissionPrefix="USUEST" xmlns="qv" />
  <Object name="VAN0003" securityLevel="SecurityLow" permissionPrefix="VAN0003" xmlns="qv" />
  <Object name="VARVEN" securityLevel="SecurityLow" permissionPrefix="VARVEN" xmlns="qv" />
  <Object name="WS002" securityLevel="SecurityLow" permissionPrefix="WS002" xmlns="qv" />
  <Object name="TRC0001" securityLevel="SecurityLow" permissionPrefix="TRC0001" xmlns="qv" />
  <Object name="VLRPAG02" securityLevel="SecurityLow" permissionPrefix="VLRPAG02" xmlns="qv" />
  <Object name="SenhaPresencial" securityLevel="SecurityLow" permissionPrefix="SenhaPresencial" xmlns="qv" />
  <Object name="Cessao" securityLevel="SecurityLow" permissionPrefix="Cessao" xmlns="qv" />
  <Object name="HierarquiaComercial" securityLevel="SecurityLow" permissionPrefix="HierarquiaComercial" xmlns="qv" />
  <Object name="WWPBaseObjects.PromptGeolocation" securityLevel="SecurityLow" permissionPrefix="PromptGeolocation" xmlns="qv" />
  <Object name="WWPBaseObjects.SaveFilterAs" securityLevel="SecurityLow" permissionPrefix="SaveFilterAs" xmlns="qv" />
  <Object name="GAMHome" securityLevel="SecurityLow" permissionPrefix="GAMHome" xmlns="qv" />
  <Object name="GAMSecurityPolicyEntry" securityLevel="SecurityLow" permissionPrefix="GAMSecurityPolicyEntry" xmlns="qv" />
  <Object name="GAMWWRoleRoles" securityLevel="SecurityLow" permissionPrefix="GAMWWRoleRoles" xmlns="qv" />
  <Object name="GAMSetPassword" securityLevel="SecurityLow" permissionPrefix="GAMSetPassword" xmlns="qv" />
  <Object name="GAMRepositoryConfiguration" securityLevel="SecurityLow" permissionPrefix="GAMRepositoryConfiguration" xmlns="qv" />
  <Object name="GAMExampleRecoverPasswordStep1" securityLevel="SecurityNone" permissionPrefix="GAMExampleRecoverPasswordStep1" xmlns="qv" />
  <Object name="GAMApplicationEntry" securityLevel="SecurityLow" permissionPrefix="GAMApplicationEntry" xmlns="qv" />
  <Object name="GAMAppPermissionChildren" securityLevel="SecurityLow" permissionPrefix="GAMAppPermissionChildren" xmlns="qv" />
  <Object name="GAMAppMenuEntry" securityLevel="SecurityLow" permissionPrefix="GAMAppMenuEntry" xmlns="qv" />
  <Object name="HRAD0100_GRID" securityLevel="SecurityLow" permissionPrefix="HRAD0100_GRID" xmlns="qv" />
  <Object name="vendassintetico" securityLevel="SecurityLow" permissionPrefix="vendassintetico" xmlns="qv" />
  <Object name="RecoverPasswordStep1" securityLevel="SecurityNone" permissionPrefix="RecoverPasswordStep1" xmlns="qv" />
  <Object name="ChangeYourPassword" securityLevel="SecurityLow" permissionPrefix="ChangeYourPassword" xmlns="qv" />
  <Object name="Antecipacao_Consulta" securityLevel="SecurityLow" permissionPrefix="Antecipacao_Consulta" xmlns="qv" />
  <Object name="SolicitacaoBobina" securityLevel="SecurityLow" permissionPrefix="SolicitacaoBobina" xmlns="qv" />
  <Object name="HADQ0401" securityLevel="SecurityLow" permissionPrefix="HADQ0401" xmlns="qv" />
  <Object name="HANTPAG0110" securityLevel="SecurityLow" permissionPrefix="HANTPAG0110" xmlns="qv" />
  <Object name="HBFE029" securityLevel="SecurityLow" permissionPrefix="HBFE029" xmlns="qv" />
  <Object name="versao" securityLevel="SecurityNone" permissionPrefix="versao" xmlns="qv" />
  <Object name="WebPanel2" securityLevel="SecurityLow" permissionPrefix="WebPanel2" xmlns="qv" />
  <Object name="hbfp015" securityLevel="SecurityLow" permissionPrefix="hbfp015" xmlns="qv" />
  <Object name="hbfp040" securityLevel="SecurityLow" permissionPrefix="hbfp040" xmlns="qv" />
  <Object name="hbfp050" securityLevel="SecurityLow" permissionPrefix="hbfp050" xmlns="qv" />
  <Object name="GAMExampleUserPermissionSelect" securityLevel="SecurityLow" permissionPrefix="GAMExampleUserPermissionSelect" xmlns="qv" />
  <Object name="HRelEst0200" securityLevel="SecurityLow" permissionPrefix="HRelEst0200" xmlns="qv" />
  <Object name="wp_AngularPassword" securityLevel="SecurityLow" permissionPrefix="wp_AngularPassword" xmlns="qv" />
  <Object name="ExtratoWP" securityLevel="SecurityLow" permissionPrefix="ExtratoWP" xmlns="qv" />
  <Object name="Vendas_Parceiro" securityLevel="SecurityLow" permissionPrefix="Vendas_Parceiro" xmlns="qv" />
  <Object name="SenhaTransacaoRecuperar" securityLevel="SecurityLow" permissionPrefix="SenhaTransacaoRecuperar" xmlns="qv" />
  <Object name="NovaVersaoExtrato" securityLevel="SecurityLow" permissionPrefix="NovaVersaoExtrato" xmlns="qv" />
  <Object name="PrestacaoServico" securityLevel="SecurityLow" permissionPrefix="PrestacaoServico" xmlns="qv" />
  <Object name="TUSUEST0101View" securityLevel="SecurityLow" permissionPrefix="TUSUEST0101View" xmlns="qv" />
  <Object name="TUSUEST0101Prompt" securityLevel="SecurityLow" permissionPrefix="TUSUEST0101Prompt" xmlns="qv" />
  <Object name="OperacoesGateway" securityLevel="SecurityLow" permissionPrefix="OperacoesGateway" xmlns="qv" />
  <Object name="WWPBaseObjects.UserCustomizations" securityLevel="SecurityLow" permissionPrefix="UserCustomizations" xmlns="qv" />
  <Object name="AGDREC01" securityLevel="SecurityLow" permissionPrefix="AGDREC01" xmlns="qv" />
  <Object name="AJM0001" securityLevel="SecurityLow" permissionPrefix="AJM0001" xmlns="qv" />
  <Object name="DPTMCC" securityLevel="SecurityLow" permissionPrefix="DPTMCC" xmlns="qv" />
  <Object name="Exp01" securityLevel="SecurityLow" permissionPrefix="Exp01" xmlns="qv" />
  <Object name="FchRes01" securityLevel="SecurityLow" permissionPrefix="FchRes01" xmlns="qv" />
  <Object name="MPL0002" securityLevel="SecurityLow" permissionPrefix="MPL0002" xmlns="qv" />
  <Object name="PARCOM" securityLevel="SecurityLow" permissionPrefix="PARCOM" xmlns="qv" />
  <Object name="PRF0001" securityLevel="SecurityLow" permissionPrefix="PRF0001" xmlns="qv" />
  <Object name="PRZPAG" securityLevel="SecurityLow" permissionPrefix="PRZPAG" xmlns="qv" />
  <Object name="REMMAN" securityLevel="SecurityLow" permissionPrefix="REMMAN" xmlns="qv" />
  <Object name="sse2_fun" securityLevel="SecurityLow" permissionPrefix="sse2_fun" xmlns="qv" />
  <Object name="sse2_grp_mod" securityLevel="SecurityLow" permissionPrefix="sse2_grp_mod" xmlns="qv" />
  <Object name="sse2_mod" securityLevel="SecurityLow" permissionPrefix="sse2_mod" xmlns="qv" />
  <Object name="TABVEN" securityLevel="SecurityLow" permissionPrefix="TABVEN" xmlns="qv" />
  <Object name="TABVEN05" securityLevel="SecurityLow" permissionPrefix="TABVEN05" xmlns="qv" />
  <Object name="TCNAE0106" securityLevel="SecurityLow" permissionPrefix="TCNAE0106" xmlns="qv" />
  <Object name="TIPREC" securityLevel="SecurityLow" permissionPrefix="TIPREC" xmlns="qv" />
  <Object name="TLog0002" securityLevel="SecurityLow" permissionPrefix="TLog0002" xmlns="qv" />
  <Object name="TMPFLX" securityLevel="SecurityLow" permissionPrefix="TMPFLX" xmlns="qv" />
  <Object name="TMR0001" securityLevel="SecurityLow" permissionPrefix="TMR0001" xmlns="qv" />
  <Object name="TPARCOM0100" securityLevel="SecurityLow" permissionPrefix="TPARCOM0100" xmlns="qv" />
  <Object name="TUSU0100" securityLevel="SecurityLow" permissionPrefix="TUSU0100" xmlns="qv" />
  <Object name="TVW003" securityLevel="SecurityLow" permissionPrefix="TVW003" xmlns="qv" />
  <Object name="VAN0006" securityLevel="SecurityLow" permissionPrefix="VAN0006" xmlns="qv" />
  <Object name="VLRREC" securityLevel="SecurityLow" permissionPrefix="VLRREC" xmlns="qv" />
  <Object name="WS003" securityLevel="SecurityLow" permissionPrefix="WS003" xmlns="qv" />
  <Object name="FDC0001" securityLevel="SecurityLow" permissionPrefix="FDC0001" xmlns="qv" />
  <Object name="TXPS" securityLevel="SecurityLow" permissionPrefix="TXPS" xmlns="qv" />
  <Object name="EfeitoContrato" securityLevel="SecurityLow" permissionPrefix="EfeitoContrato" xmlns="qv" />
  <Object name="EcVip" securityLevel="SecurityLow" permissionPrefix="EcVip" xmlns="qv" />
  <Object name="Est07" securityLevel="SecurityLow" permissionPrefix="Est07" xmlns="qv" />
  <Object name="WWPBaseObjects.ManageFilters" securityLevel="SecurityLow" permissionPrefix="ManageFilters" xmlns="qv" />
  <Object name="GAMUserEntry" securityLevel="SecurityLow" permissionPrefix="GAMUserEntry" xmlns="qv" />
  <Object name="GAMWWAuthTypes" securityLevel="SecurityLow" permissionPrefix="GAMWWAuthTypes" xmlns="qv" />
  <Object name="GAMExampleNotAuthorized" securityLevel="SecurityNone" permissionPrefix="GAMExampleNotAuthorized" xmlns="qv" />
  <Object name="GAMWWAppPermissions" securityLevel="SecurityLow" permissionPrefix="GAMWWAppPermissions" xmlns="qv" />
  <Object name="GAMExampleSSOLogin" securityLevel="SecurityNone" permissionPrefix="GAMExampleSSOLogin" xmlns="qv" />
  <Object name="ChangePassword" securityLevel="SecurityNone" permissionPrefix="ChangePassword" xmlns="qv" />
  <Object name="RecoverPasswordStep2" securityLevel="SecurityNone" permissionPrefix="RecoverPasswordStep2" xmlns="qv" />
  <Object name="UserEntry" securityLevel="SecurityLow" permissionPrefix="UserEntry" xmlns="qv" />
  <Object name="wpInserirNovoUsuarioPC" securityLevel="SecurityNone" permissionPrefix="wpInserirNovoUsuarioPC" xmlns="qv" />
  <Object name="icones" securityLevel="SecurityNone" permissionPrefix="icones" xmlns="qv" />
  <Object name="SOCESTWW" securityLevel="SecurityLow" permissionPrefix="SOCESTWW" xmlns="qv" />
  <Object name="WebPanel3" securityLevel="SecurityNone" permissionPrefix="WebPanel3" xmlns="qv" />
  <Object name="HVAN0100_GRID" securityLevel="SecurityLow" permissionPrefix="HVAN0100_GRID" xmlns="qv" />
  <Object name="wptst_csv" securityLevel="SecurityLow" permissionPrefix="wptst_csv" xmlns="qv" />
  <Object name="VAN0004Display" securityLevel="SecurityLow" permissionPrefix="VAN0004Display" xmlns="qv" />
  <Object name="ExtratoDetalheWP" securityLevel="SecurityLow" permissionPrefix="ExtratoDetalheWP" xmlns="qv" />
  <Object name="EfeitoContratoDet" securityLevel="SecurityLow" permissionPrefix="EfeitoContratoDet" xmlns="qv" />
  <Object name="AntecipacaoMsg" securityLevel="SecurityLow" permissionPrefix="AntecipacaoMsg" xmlns="qv" />
  <Object name="TelaMenu" securityLevel="SecurityLow" permissionPrefix="TelaMenu" xmlns="qv" />
  <Object name="HierarquiaComercialPrompt" securityLevel="SecurityLow" permissionPrefix="HierarquiaComercialPrompt" xmlns="qv" />
  <Object name="Vendas_Analiticas" securityLevel="SecurityLow" permissionPrefix="Vendas_Analiticas" xmlns="qv" />
  <Object name="ADQ0005" securityLevel="SecurityLow" permissionPrefix="ADQ0005" xmlns="qv" />
  <Object name="AGDPAG" securityLevel="SecurityLow" permissionPrefix="AGDPAG" xmlns="qv" />
  <Object name="AGDREC" securityLevel="SecurityLow" permissionPrefix="AGDREC" xmlns="qv" />
  <Object name="ANAVEN" securityLevel="SecurityLow" permissionPrefix="ANAVEN" xmlns="qv" />
  <Object name="BANCO" securityLevel="SecurityLow" permissionPrefix="BANCO" xmlns="qv" />
  <Object name="CTRDTAMOV" securityLevel="SecurityLow" permissionPrefix="CTRDTAMOV" xmlns="qv" />
  <Object name="ENTETQ" securityLevel="SecurityLow" permissionPrefix="ENTETQ" xmlns="qv" />
  <Object name="Exp03" securityLevel="SecurityLow" permissionPrefix="Exp03" xmlns="qv" />
  <Object name="Exp04" securityLevel="SecurityLow" permissionPrefix="Exp04" xmlns="qv" />
  <Object name="FEC" securityLevel="SecurityLow" permissionPrefix="FEC" xmlns="qv" />
  <Object name="HADT0001" securityLevel="SecurityLow" permissionPrefix="HADT0001" xmlns="qv" />
  <Object name="IMG0002" securityLevel="SecurityLow" permissionPrefix="IMG0002" xmlns="qv" />
  <Object name="LOGBTH" securityLevel="SecurityLow" permissionPrefix="LOGBTH" xmlns="qv" />
  <Object name="LOGCON" securityLevel="SecurityLow" permissionPrefix="LOGCON" xmlns="qv" />
  <Object name="LTR0001" securityLevel="SecurityLow" permissionPrefix="LTR0001" xmlns="qv" />
  <Object name="NOMBCO" securityLevel="SecurityLow" permissionPrefix="NOMBCO" xmlns="qv" />
  <Object name="PARSIS" securityLevel="SecurityLow" permissionPrefix="PARSIS" xmlns="qv" />
  <Object name="POS" securityLevel="SecurityLow" permissionPrefix="POS" xmlns="qv" />
  <Object name="RETBAN" securityLevel="SecurityLow" permissionPrefix="RETBAN" xmlns="qv" />
  <Object name="sse2_mnu_0001" securityLevel="SecurityLow" permissionPrefix="sse2_mnu_0001" xmlns="qv" />
  <Object name="TABVEN02" securityLevel="SecurityLow" permissionPrefix="TABVEN02" xmlns="qv" />
  <Object name="TABVEN04" securityLevel="SecurityLow" permissionPrefix="TABVEN04" xmlns="qv" />
  <Object name="TBFE013" securityLevel="SecurityLow" permissionPrefix="TBFE013" xmlns="qv" />
  <Object name="TFER0103" securityLevel="SecurityLow" permissionPrefix="TFER0103" xmlns="qv" />
  <Object name="TIPDSP0116" securityLevel="SecurityLow" permissionPrefix="TIPDSP0116" xmlns="qv" />
  <Object name="TMNU0100" securityLevel="SecurityLow" permissionPrefix="TMNU0100" xmlns="qv" />
  <Object name="TMR0002" securityLevel="SecurityLow" permissionPrefix="TMR0002" xmlns="qv" />
  <Object name="TPRZPAG0100" securityLevel="SecurityLow" permissionPrefix="TPRZPAG0100" xmlns="qv" />
  <Object name="TRVVIG" securityLevel="SecurityLow" permissionPrefix="TRVVIG" xmlns="qv" />
  <Object name="TVLPPAR0100" securityLevel="SecurityLow" permissionPrefix="TVLPPAR0100" xmlns="qv" />
  <Object name="TVw002" securityLevel="SecurityLow" permissionPrefix="TVw002" xmlns="qv" />
  <Object name="VAN0007" securityLevel="SecurityLow" permissionPrefix="VAN0007" xmlns="qv" />
  <Object name="WS000" securityLevel="SecurityLow" permissionPrefix="WS000" xmlns="qv" />
  <Object name="WS004" securityLevel="SecurityLow" permissionPrefix="WS004" xmlns="qv" />
  <Object name="VwAgdPag" securityLevel="SecurityLow" permissionPrefix="VwAgdPag" xmlns="qv" />
  <Object name="ADQ0008" securityLevel="SecurityLow" permissionPrefix="ADQ0008" xmlns="qv" />
  <Object name="BIN0001" securityLevel="SecurityLow" permissionPrefix="BIN0001" xmlns="qv" />
  <Object name="EfeitoNomeBeneficiarioTitular" securityLevel="SecurityLow" permissionPrefix="EfeitoNomeBeneficiarioTitular" xmlns="qv" />
  <Object name="CessaoTipo" securityLevel="SecurityLow" permissionPrefix="CessaoTipo" xmlns="qv" />
  <Object name="VwVlrPagEfe" securityLevel="SecurityLow" permissionPrefix="VwVlrPagEfe" xmlns="qv" />
  <Object name="VlrPagStatus" securityLevel="SecurityLow" permissionPrefix="VlrPagStatus" xmlns="qv" />
  <Object name="Log_Handler" securityLevel="SecurityLow" permissionPrefix="Log_Handler" xmlns="qv" />
  <Object name="WWPBaseObjects.ExportOptions" securityLevel="SecurityLow" permissionPrefix="ExportOptions" xmlns="qv" />
  <Object name="GAMExampleLogin" securityLevel="SecurityNone" permissionPrefix="GAMExampleLogin" xmlns="qv" />
  <Object name="GAMChangeYourPassword" securityLevel="SecurityLow" permissionPrefix="GAMChangeYourPassword" xmlns="qv" />
  <Object name="GAMRoleEntry" securityLevel="SecurityLow" permissionPrefix="GAMRoleEntry" xmlns="qv" />
  <Object name="GAMWWUserRoles" securityLevel="SecurityLow" permissionPrefix="GAMWWUserRoles" xmlns="qv" />
  <Object name="GAMAuthenticationTypeEntry" securityLevel="SecurityLow" permissionPrefix="GAMAuthenticationTypeEntry" xmlns="qv" />
  <Object name="GAMTestExternalLogin" securityLevel="SecurityLow" permissionPrefix="GAMTestExternalLogin" xmlns="qv" />
  <Object name="GAMExampleChangePassword" securityLevel="SecurityNone" permissionPrefix="GAMExampleChangePassword" xmlns="qv" />
  <Object name="GAMWWApplications" securityLevel="SecurityLow" permissionPrefix="GAMWWApplications" xmlns="qv" />
  <Object name="GAMAppPermissionSelect" securityLevel="SecurityLow" permissionPrefix="GAMAppPermissionSelect" xmlns="qv" />
  <Object name="GAMWWAppMenuOptions" securityLevel="SecurityLow" permissionPrefix="GAMWWAppMenuOptions" xmlns="qv" />
  <Object name="Login" securityLevel="SecurityNone" permissionPrefix="Login" xmlns="qv" />
  <Object name="simulacao" securityLevel="SecurityLow" permissionPrefix="simulacao" xmlns="qv" />
  <Object name="WebPanel1" securityLevel="SecurityNone" permissionPrefix="WebPanel1" xmlns="qv" />
  <Object name="HADQ0400_IMP" securityLevel="SecurityLow" permissionPrefix="HADQ0400_IMP" xmlns="qv" />
  <Object name="HADQ0300_GRID" securityLevel="SecurityLow" permissionPrefix="HADQ0300_GRID" xmlns="qv" />
  <Object name="HANTPAG0100_GRID" securityLevel="SecurityLow" permissionPrefix="HANTPAG0100_GRID" xmlns="qv" />
  <Object name="HAJM0104" securityLevel="SecurityLow" permissionPrefix="HAJM0104" xmlns="qv" />
  <Object name="TST0002" securityLevel="SecurityLow" permissionPrefix="TST0002" xmlns="qv" />
  <Object name="hbfp016" securityLevel="SecurityLow" permissionPrefix="hbfp016" xmlns="qv" />
  <Object name="hbfp004" securityLevel="SecurityLow" permissionPrefix="hbfp004" xmlns="qv" />
  <Object name="hbfp032" securityLevel="SecurityLow" permissionPrefix="hbfp032" xmlns="qv" />
  <Object name="AvisoImportante" securityLevel="SecurityLow" permissionPrefix="AvisoImportante" xmlns="qv" />
  <Object name="pcsimulacao" securityLevel="SecurityLow" permissionPrefix="pcsimulacao" xmlns="qv" />
  <Object name="GAMExampleWWUserPermissions" securityLevel="SecurityLow" permissionPrefix="GAMExampleWWUserPermissions" xmlns="qv" />
  <Object name="hvan0100N" securityLevel="SecurityLow" permissionPrefix="hvan0100N" xmlns="qv" />
  <Object name="LoginTermo" securityLevel="SecurityNone" permissionPrefix="LoginTermo" xmlns="qv" />
  <Object name="OperacoesGatewayDetalhe" securityLevel="SecurityLow" permissionPrefix="OperacoesGatewayDetalhe" xmlns="qv" />
  <Object name="Pagamento_Estabelecimento" securityLevel="SecurityLow" permissionPrefix="Pagamento_Estabelecimento" xmlns="qv" />
  <Object name="AGRTRN" securityLevel="SecurityLow" permissionPrefix="AGRTRN" xmlns="qv" />
  <Object name="ARQRET" securityLevel="SecurityLow" permissionPrefix="ARQRET" xmlns="qv" />
  <Object name="CNAE" securityLevel="SecurityLow" permissionPrefix="CNAE" xmlns="qv" />
  <Object name="CTRCOBALU" securityLevel="SecurityLow" permissionPrefix="CTRCOBALU" xmlns="qv" />
  <Object name="erroo" securityLevel="SecurityLow" permissionPrefix="erroo" xmlns="qv" />
  <Object name="EST02" securityLevel="SecurityLow" permissionPrefix="EST02" xmlns="qv" />
  <Object name="EXTLAN" securityLevel="SecurityLow" permissionPrefix="EXTLAN" xmlns="qv" />
  <Object name="FNC0001" securityLevel="SecurityLow" permissionPrefix="FNC0001" xmlns="qv" />
  <Object name="HISPOS" securityLevel="SecurityLow" permissionPrefix="HISPOS" xmlns="qv" />
  <Object name="LANANT" securityLevel="SecurityLow" permissionPrefix="LANANT" xmlns="qv" />
  <Object name="LOGERREST" securityLevel="SecurityLow" permissionPrefix="LOGERREST" xmlns="qv" />
  <Object name="LOGTRB" securityLevel="SecurityLow" permissionPrefix="LOGTRB" xmlns="qv" />
  <Object name="MCCVEN" securityLevel="SecurityLow" permissionPrefix="MCCVEN" xmlns="qv" />
  <Object name="MPL0001" securityLevel="SecurityLow" permissionPrefix="MPL0001" xmlns="qv" />
  <Object name="PAGCOM" securityLevel="SecurityLow" permissionPrefix="PAGCOM" xmlns="qv" />
  <Object name="PLNVEN" securityLevel="SecurityLow" permissionPrefix="PLNVEN" xmlns="qv" />
  <Object name="PRFUSU" securityLevel="SecurityLow" permissionPrefix="PRFUSU" xmlns="qv" />
  <Object name="REMBOB" securityLevel="SecurityLow" permissionPrefix="REMBOB" xmlns="qv" />
  <Object name="SOCEST" securityLevel="SecurityLow" permissionPrefix="SOCEST" xmlns="qv" />
  <Object name="sse2_ung_mod" securityLevel="SecurityLow" permissionPrefix="sse2_ung_mod" xmlns="qv" />
  <Object name="TABVER" securityLevel="SecurityLow" permissionPrefix="TABVER" xmlns="qv" />
  <Object name="TCTRDTAMOV" securityLevel="SecurityLow" permissionPrefix="TCTRDTAMOV" xmlns="qv" />
  <Object name="TIPDSP" securityLevel="SecurityLow" permissionPrefix="TIPDSP" xmlns="qv" />
  <Object name="TLog0004" securityLevel="SecurityLow" permissionPrefix="TLog0004" xmlns="qv" />
  <Object name="TPAR0102" securityLevel="SecurityLow" permissionPrefix="TPAR0102" xmlns="qv" />
  <Object name="TRN02" securityLevel="SecurityLow" permissionPrefix="TRN02" xmlns="qv" />
  <Object name="TVLRPAG0100" securityLevel="SecurityLow" permissionPrefix="TVLRPAG0100" xmlns="qv" />
  <Object name="VAN0005" securityLevel="SecurityLow" permissionPrefix="VAN0005" xmlns="qv" />
  <Object name="VLRPAG" securityLevel="SecurityLow" permissionPrefix="VLRPAG" xmlns="qv" />
  <Object name="TPG0001" securityLevel="SecurityLow" permissionPrefix="TPG0001" xmlns="qv" />
  <Object name="ADQ0009" securityLevel="SecurityLow" permissionPrefix="ADQ0009" xmlns="qv" />
  <Object name="LOG_API" securityLevel="SecurityLow" permissionPrefix="LOG_API" xmlns="qv" />
  <Object name="AutorizacaoMenu" securityLevel="SecurityLow" permissionPrefix="AutorizacaoMenu" xmlns="qv" />
  <Object name="SenhaRemota" securityLevel="SecurityLow" permissionPrefix="SenhaRemota" xmlns="qv" />
  <Object name="VWVlrPag" securityLevel="SecurityLow" permissionPrefix="VWVlrPag" xmlns="qv" />
  <Object name="VwLock" securityLevel="SecurityLow" permissionPrefix="VwLock" xmlns="qv" />
  <Object name="GAMWWRolePermissions" securityLevel="SecurityLow" permissionPrefix="GAMWWRolePermissions" xmlns="qv" />
  <Object name="GAMWWConnections" securityLevel="SecurityLow" permissionPrefix="GAMWWConnections" xmlns="qv" />
  <Object name="GAMUserRoleSelect" securityLevel="SecurityLow" permissionPrefix="GAMUserRoleSelect" xmlns="qv" />
  <Object name="GAMWWEventSubscriptions" securityLevel="SecurityLow" permissionPrefix="GAMWWEventSubscriptions" xmlns="qv" />
  <Object name="Reembolsos" securityLevel="SecurityLow" permissionPrefix="Reembolsos" xmlns="qv" />
  <Object name="wpDocumentacao" securityLevel="SecurityNone" permissionPrefix="wpDocumentacao" xmlns="qv" />
  <Object name="HRAD0103" securityLevel="SecurityLow" permissionPrefix="HRAD0103" xmlns="qv" />
  <Object name="ESTWW" securityLevel="SecurityLow" permissionPrefix="ESTWW" xmlns="qv" />
  <Object name="hbfp017" securityLevel="SecurityLow" permissionPrefix="hbfp017" xmlns="qv" />
  <Object name="hbfp010" securityLevel="SecurityLow" permissionPrefix="hbfp010" xmlns="qv" />
  <Object name="hbfp032Det_OperETaxas" securityLevel="SecurityLow" permissionPrefix="hbfp032Det_OperETaxas" xmlns="qv" />
  <Object name="hbfp053" securityLevel="SecurityLow" permissionPrefix="hbfp053" xmlns="qv" />
  <Object name="WebPanel4" securityLevel="SecurityLow" permissionPrefix="WebPanel4" xmlns="qv" />
  <Object name="tst0200" securityLevel="SecurityNone" permissionPrefix="tst0200" xmlns="qv" />
  <Object name="wp_AngularExtrato" securityLevel="SecurityLow" permissionPrefix="wp_AngularExtrato" xmlns="qv" />
  <Object name="ParceiroComercial2" securityLevel="SecurityLow" permissionPrefix="ParceiroComercial2" xmlns="qv" />
  <Object name="SenhaTransacao" securityLevel="SecurityLow" permissionPrefix="SenhaTransacao" xmlns="qv" />
  <Object name="SenhaTransacaoSucesso" securityLevel="SecurityLow" permissionPrefix="SenhaTransacaoSucesso" xmlns="qv" />
  <Object name="SenhaTransacaoAlterar" securityLevel="SecurityLow" permissionPrefix="SenhaTransacaoAlterar" xmlns="qv" />
  <Object name="SenhaTransacaoNovaSenhaSucesso" securityLevel="SecurityNone" permissionPrefix="SenhaTransacaoNovaSenhaSucesso" xmlns="qv" />
  <Object name="NovaVersaoExtratoDetalhe" securityLevel="SecurityLow" permissionPrefix="NovaVersaoExtratoDetalhe" xmlns="qv" />
  <Object name="Hierarquia" securityLevel="SecurityLow" permissionPrefix="Hierarquia" xmlns="qv" />
  <Object name="VendasAnaliticas_Detalhes" securityLevel="SecurityLow" permissionPrefix="VendasAnaliticas_Detalhes" xmlns="qv" />
  <Object name="TUSUEST0101WW" securityLevel="SecurityLow" permissionPrefix="TUSUEST0101WW" xmlns="qv" />
  <Object name="ADQ0006" securityLevel="SecurityLow" permissionPrefix="ADQ0006" xmlns="qv" />
  <Object name="AGDREC02" securityLevel="SecurityLow" permissionPrefix="AGDREC02" xmlns="qv" />
  <Object name="ARQBAN" securityLevel="SecurityLow" permissionPrefix="ARQBAN" xmlns="qv" />
  <Object name="BNF0001" securityLevel="SecurityLow" permissionPrefix="BNF0001" xmlns="qv" />
  <Object name="CONTRN" securityLevel="SecurityLow" permissionPrefix="CONTRN" xmlns="qv" />
  <Object name="ESTTRN" securityLevel="SecurityLow" permissionPrefix="ESTTRN" xmlns="qv" />
  <Object name="FNC0002" securityLevel="SecurityLow" permissionPrefix="FNC0002" xmlns="qv" />
  <Object name="HAJM0103" securityLevel="SecurityLow" permissionPrefix="HAJM0103" xmlns="qv" />
  <Object name="LOGBAN" securityLevel="SecurityLow" permissionPrefix="LOGBAN" xmlns="qv" />
  <Object name="LOGERR" securityLevel="SecurityLow" permissionPrefix="LOGERR" xmlns="qv" />
  <Object name="logtemp" securityLevel="SecurityLow" permissionPrefix="logtemp" xmlns="qv" />
  <Object name="LTR0002" securityLevel="SecurityLow" permissionPrefix="LTR0002" xmlns="qv" />
  <Object name="MNUPRU" securityLevel="SecurityLow" permissionPrefix="MNUPRU" xmlns="qv" />
  <Object name="PACTAV" securityLevel="SecurityLow" permissionPrefix="PACTAV" xmlns="qv" />
  <Object name="RAD0001" securityLevel="SecurityLow" permissionPrefix="RAD0001" xmlns="qv" />
  <Object name="REMVLP" securityLevel="SecurityLow" permissionPrefix="REMVLP" xmlns="qv" />
  <Object name="sse2_ent_tip" securityLevel="SecurityLow" permissionPrefix="sse2_ent_tip" xmlns="qv" />
  <Object name="sse2_informativo" securityLevel="SecurityLow" permissionPrefix="sse2_informativo" xmlns="qv" />
  <Object name="sse2_usr" securityLevel="SecurityLow" permissionPrefix="sse2_usr" xmlns="qv" />
  <Object name="TBFE009" securityLevel="SecurityLow" permissionPrefix="TBFE009" xmlns="qv" />
  <Object name="TETQ0108" securityLevel="SecurityLow" permissionPrefix="TETQ0108" xmlns="qv" />
  <Object name="TMPPAGTRN" securityLevel="SecurityLow" permissionPrefix="TMPPAGTRN" xmlns="qv" />
  <Object name="TRABAN" securityLevel="SecurityLow" permissionPrefix="TRABAN" xmlns="qv" />
  <Object name="TRN" securityLevel="SecurityLow" permissionPrefix="TRN" xmlns="qv" />
  <Object name="USU" securityLevel="SecurityLow" permissionPrefix="USU" xmlns="qv" />
  <Object name="VAN0002" securityLevel="SecurityLow" permissionPrefix="VAN0002" xmlns="qv" />
  <Object name="WS001" securityLevel="SecurityLow" permissionPrefix="WS001" xmlns="qv" />
  <Object name="VWMovTrnVndSintetico" securityLevel="SecurityLow" permissionPrefix="VWMovTrnVndSintetico" xmlns="qv" />
  <Object name="FAB" securityLevel="SecurityLow" permissionPrefix="FAB" xmlns="qv" />
  <Object name="ADQ0010" securityLevel="SecurityLow" permissionPrefix="ADQ0010" xmlns="qv" />
  <Object name="EST03" securityLevel="SecurityLow" permissionPrefix="EST03" xmlns="qv" />
  <Object name="TblBan" securityLevel="SecurityLow" permissionPrefix="TblBan" xmlns="qv" />
  <Object name="WWPBaseObjects.AddressDisplay" securityLevel="SecurityLow" permissionPrefix="AddressDisplay" xmlns="qv" />
  <Object name="GAMWWUsers" securityLevel="SecurityLow" permissionPrefix="GAMWWUsers" xmlns="qv" />
  <Object name="GAMConnectionEntry" securityLevel="SecurityLow" permissionPrefix="GAMConnectionEntry" xmlns="qv" />
  <Object name="GAMExampleRecoverPasswordStep2" securityLevel="SecurityNone" permissionPrefix="GAMExampleRecoverPasswordStep2" xmlns="qv" />
  <Object name="GAMRolePermissionSelect" securityLevel="SecurityLow" permissionPrefix="GAMRolePermissionSelect" xmlns="qv" />
  <Object name="GAMEventSubscriptionEntry" securityLevel="SecurityLow" permissionPrefix="GAMEventSubscriptionEntry" xmlns="qv" />
  <Object name="GAMAppMenuOptionEntry" securityLevel="SecurityLow" permissionPrefix="GAMAppMenuOptionEntry" xmlns="qv" />
  <Object name="wpRecebimentos" securityLevel="SecurityLow" permissionPrefix="wpRecebimentos" xmlns="qv" />
  <Object name="NotAuthorized" securityLevel="SecurityNone" permissionPrefix="NotAuthorized" xmlns="qv" />
  <Object name="Antecipacao" securityLevel="SecurityLow" permissionPrefix="Antecipacao" xmlns="qv" />
  <Object name="wpMigraLoginEC" securityLevel="SecurityLow" permissionPrefix="wpMigraLoginEC" xmlns="qv" />
  <Object name="wpInserirNovoUsuarioEC" securityLevel="SecurityNone" permissionPrefix="wpInserirNovoUsuarioEC" xmlns="qv" />
  <Object name="HADQ0400_GRID" securityLevel="SecurityLow" permissionPrefix="HADQ0400_GRID" xmlns="qv" />
  <Object name="HAJM0101" securityLevel="SecurityLow" permissionPrefix="HAJM0101" xmlns="qv" />
  <Object name="HADQ0501" securityLevel="SecurityLow" permissionPrefix="HADQ0501" xmlns="qv" />
  <Object name="entrada" securityLevel="SecurityNone" permissionPrefix="entrada" xmlns="qv" />
  <Object name="hbfp034" securityLevel="SecurityLow" permissionPrefix="hbfp034" xmlns="qv" />
  <Object name="hbfp033" securityLevel="SecurityLow" permissionPrefix="hbfp033" xmlns="qv" />
  <Object name="hbfp026" securityLevel="SecurityLow" permissionPrefix="hbfp026" xmlns="qv" />
  <Object name="wpEC" securityLevel="SecurityLow" permissionPrefix="wpEC" xmlns="qv" />
  <Object name="hbfpr01" securityLevel="SecurityLow" permissionPrefix="hbfpr01" xmlns="qv" />
  <Object name="ConsultaPlanos" securityLevel="SecurityLow" permissionPrefix="ConsultaPlanos" xmlns="qv" />
  <Object name="AntecipacaoSolicitacaoDet" securityLevel="SecurityLow" permissionPrefix="AntecipacaoSolicitacaoDet" xmlns="qv" />
  <Object name="IncluiNovoEc" securityLevel="SecurityLow" permissionPrefix="IncluiNovoEc" xmlns="qv" />
  <Object name="SenhaTransacaoCriar" securityLevel="SecurityLow" permissionPrefix="SenhaTransacaoCriar" xmlns="qv" />
  <Object name="SenhaTransacaoAtualSucesso" securityLevel="SecurityLow" permissionPrefix="SenhaTransacaoAtualSucesso" xmlns="qv" />
  <Object name="HierarquiaComercialView" securityLevel="SecurityLow" permissionPrefix="HierarquiaComercialView" xmlns="qv" />
  <Object name="HierarquiaParceiroView" securityLevel="SecurityLow" permissionPrefix="HierarquiaParceiroView" xmlns="qv" />
  <Object name="HierarquiaParceiroPrompt" securityLevel="SecurityLow" permissionPrefix="HierarquiaParceiroPrompt" xmlns="qv" />
  <Object name="LinkPagamento" securityLevel="SecurityLow" permissionPrefix="LinkPagamento" xmlns="qv" />
  <Object name="Dummy" securityLevel="SecurityLow" permissionPrefix="Dummy" xmlns="qv" />
  <Object name="sse2_nav" securityLevel="SecurityNone" permissionPrefix="sse2_nav" xmlns="qv" />
  <Object name="ADQ0007" securityLevel="SecurityLow" permissionPrefix="ADQ0007" xmlns="qv" />
  <Object name="AGDPAG01" securityLevel="SecurityLow" permissionPrefix="AGDPAG01" xmlns="qv" />
  <Object name="AGPTRN" securityLevel="SecurityLow" permissionPrefix="AGPTRN" xmlns="qv" />
  <Object name="ARQLOT" securityLevel="SecurityLow" permissionPrefix="ARQLOT" xmlns="qv" />
  <Object name="CNTBAN" securityLevel="SecurityLow" permissionPrefix="CNTBAN" xmlns="qv" />
  <Object name="ENESER" securityLevel="SecurityLow" permissionPrefix="ENESER" xmlns="qv" />
  <Object name="ETQ" securityLevel="SecurityLow" permissionPrefix="ETQ" xmlns="qv" />
  <Object name="FER" securityLevel="SecurityLow" permissionPrefix="FER" xmlns="qv" />
  <Object name="ger_par" securityLevel="SecurityLow" permissionPrefix="ger_par" xmlns="qv" />
  <Object name="IMG0001" securityLevel="SecurityLow" permissionPrefix="IMG0001" xmlns="qv" />
  <Object name="LOGERRESTCRED" securityLevel="SecurityLow" permissionPrefix="LOGERRESTCRED" xmlns="qv" />
  <Object name="LOGTRV" securityLevel="SecurityLow" permissionPrefix="LOGTRV" xmlns="qv" />
  <Object name="MovTrn01" securityLevel="SecurityLow" permissionPrefix="MovTrn01" xmlns="qv" />
  <Object name="PRF0002" securityLevel="SecurityLow" permissionPrefix="PRF0002" xmlns="qv" />
  <Object name="RAD0002" securityLevel="SecurityLow" permissionPrefix="RAD0002" xmlns="qv" />
  <Object name="RisTrn01" securityLevel="SecurityLow" permissionPrefix="RisTrn01" xmlns="qv" />
  <Object name="sse2_red" securityLevel="SecurityLow" permissionPrefix="sse2_red" xmlns="qv" />
  <Object name="TBAN0100" securityLevel="SecurityLow" permissionPrefix="TBAN0100" xmlns="qv" />
  <Object name="TEXTLAN0101" securityLevel="SecurityLow" permissionPrefix="TEXTLAN0101" xmlns="qv" />
  <Object name="TLog0001" securityLevel="SecurityLow" permissionPrefix="TLog0001" xmlns="qv" />
  <Object name="TNOMBCO0100" securityLevel="SecurityLow" permissionPrefix="TNOMBCO0100" xmlns="qv" />
  <Object name="TRBEST" securityLevel="SecurityLow" permissionPrefix="TRBEST" xmlns="qv" />
  <Object name="TRN03" securityLevel="SecurityLow" permissionPrefix="TRN03" xmlns="qv" />
  <Object name="VAN0001" securityLevel="SecurityLow" permissionPrefix="VAN0001" xmlns="qv" />
  <Object name="VLPPAR" securityLevel="SecurityLow" permissionPrefix="VLPPAR" xmlns="qv" />
  <Object name="VendasAnalitico" securityLevel="SecurityLow" permissionPrefix="VendasAnalitico" xmlns="qv" />
  <Object name="TABVEN05b" securityLevel="SecurityLow" permissionPrefix="TABVEN05b" xmlns="qv" />
  <Object name="Est002" securityLevel="SecurityLow" permissionPrefix="Est002" xmlns="qv" />
  <Object name="ARQDETLAN" securityLevel="SecurityLow" permissionPrefix="ARQDETLAN" xmlns="qv" />
  <Object name="CessaoDetalhe" securityLevel="SecurityLow" permissionPrefix="CessaoDetalhe" xmlns="qv" />
  <Object name="Est08" securityLevel="SecurityLow" permissionPrefix="Est08" xmlns="qv" />
  <Object name="TUSUEST0101" securityLevel="SecurityLow" permissionPrefix="TUSUEST0101" xmlns="qv" />
  <Object name="TermoUsuario" securityLevel="SecurityLow" permissionPrefix="TermoUsuario" xmlns="qv" />
  <Object name="GrupoComercial" securityLevel="SecurityLow" permissionPrefix="GrupoComercial" xmlns="qv" />
  <Object name="WWPBaseObjects.Home" securityLevel="SecurityLow" permissionPrefix="Home" xmlns="qv" />
  <Object name="GAMWWRoles" securityLevel="SecurityLow" permissionPrefix="GAMWWRoles" xmlns="qv" />
  <Object name="GAMRepositoryEntry" securityLevel="SecurityLow" permissionPrefix="GAMRepositoryEntry" xmlns="qv" />
  <Object name="GAMExampleUpdateRegisterUser" securityLevel="SecurityNone" permissionPrefix="GAMExampleUpdateRegisterUser" xmlns="qv" />
  <Object name="GAMWWAppMenus" securityLevel="SecurityLow" permissionPrefix="GAMWWAppMenus" xmlns="qv" />
  <Object name="GAMChangeRepository" securityLevel="SecurityLow" permissionPrefix="GAMChangeRepository" xmlns="qv" />
  <Object name="Abertura" securityLevel="SecurityLow" permissionPrefix="Abertura" xmlns="qv" />
  <Object name="UpdateRegisterUser" securityLevel="SecurityNone" permissionPrefix="UpdateRegisterUser" xmlns="qv" />
  <Object name="Logout" securityLevel="SecurityLow" permissionPrefix="Logout" xmlns="qv" />
  <Object name="ECCadastro" securityLevel="SecurityLow" permissionPrefix="ECCadastro" xmlns="qv" />
  <Object name="Antecipacao_Solicitacao" securityLevel="SecurityLow" permissionPrefix="Antecipacao_Solicitacao" xmlns="qv" />
  <Object name="HADQ0500_GRID" securityLevel="SecurityLow" permissionPrefix="HADQ0500_GRID" xmlns="qv" />
  <Object name="HRAD0101" securityLevel="SecurityLow" permissionPrefix="HRAD0101" xmlns="qv" />
  <Object name="wpMigraLoginPC" securityLevel="SecurityLow" permissionPrefix="wpMigraLoginPC" xmlns="qv" />
  <Object name="Parceiro" securityLevel="SecurityLow" permissionPrefix="Parceiro" xmlns="qv" />
  <Object name="hbfp041" securityLevel="SecurityLow" permissionPrefix="hbfp041" xmlns="qv" />
  <Object name="hbfp011" securityLevel="SecurityLow" permissionPrefix="hbfp011" xmlns="qv" />
  <Object name="IMG0001WW" securityLevel="SecurityLow" permissionPrefix="IMG0001WW" xmlns="qv" />
  <Object name="testepdfsuporte" securityLevel="SecurityLow" permissionPrefix="testepdfsuporte" xmlns="qv" />
  <Object name="WebPanel5" securityLevel="SecurityLow" permissionPrefix="WebPanel5" xmlns="qv" />
  <Object name="Principal" securityLevel="SecurityNone" permissionPrefix="Principal" xmlns="qv" />
  <Object name="Est002WW" securityLevel="SecurityLow" permissionPrefix="Est002WW" xmlns="qv" />
  <Object name="SenhaTransacaoRecuperarSucesso" securityLevel="SecurityLow" permissionPrefix="SenhaTransacaoRecuperarSucesso" xmlns="qv" />
  <Object name="SenhaTransacaoErro" securityLevel="SecurityNone" permissionPrefix="SenhaTransacaoErro" xmlns="qv" />
  <Object name="HierarquiaParceiroWW" securityLevel="SecurityLow" permissionPrefix="HierarquiaParceiroWW" xmlns="qv" />
  <Object name="sse2_mnu_0150" securityLevel="SecurityNone" permissionPrefix="sse2_mnu_0150" xmlns="qv" />
  <Object name="ADQ0001" securityLevel="SecurityLow" permissionPrefix="ADQ0001" xmlns="qv" />
  <Object name="AGDPAG02" securityLevel="SecurityLow" permissionPrefix="AGDPAG02" xmlns="qv" />
  <Object name="ARQDET" securityLevel="SecurityLow" permissionPrefix="ARQDET" xmlns="qv" />
  <Object name="CON0001" securityLevel="SecurityLow" permissionPrefix="CON0001" xmlns="qv" />
  <Object name="Exp02" securityLevel="SecurityLow" permissionPrefix="Exp02" xmlns="qv" />
  <Object name="FLX0001" securityLevel="SecurityLow" permissionPrefix="FLX0001" xmlns="qv" />
  <Object name="ger_pais" securityLevel="SecurityLow" permissionPrefix="ger_pais" xmlns="qv" />
  <Object name="HMSA0302" securityLevel="SecurityLow" permissionPrefix="HMSA0302" xmlns="qv" />
  <Object name="IMG0003" securityLevel="SecurityLow" permissionPrefix="IMG0003" xmlns="qv" />
  <Object name="LOGSIM" securityLevel="SecurityLow" permissionPrefix="LOGSIM" xmlns="qv" />
  <Object name="MNU" securityLevel="SecurityLow" permissionPrefix="MNU" xmlns="qv" />
  <Object name="PAGANT" securityLevel="SecurityLow" permissionPrefix="PAGANT" xmlns="qv" />
  <Object name="PGCITM" securityLevel="SecurityLow" permissionPrefix="PGCITM" xmlns="qv" />
  <Object name="POS_PLANO" securityLevel="SecurityLow" permissionPrefix="POS_PLANO" xmlns="qv" />
  <Object name="SLDIMP" securityLevel="SecurityLow" permissionPrefix="SLDIMP" xmlns="qv" />
  <Object name="sse2_ent" securityLevel="SecurityLow" permissionPrefix="sse2_ent" xmlns="qv" />
  <Object name="sse2_ung" securityLevel="SecurityLow" permissionPrefix="sse2_ung" xmlns="qv" />
  <Object name="TBFE012" securityLevel="SecurityLow" permissionPrefix="TBFE012" xmlns="qv" />
  <Object name="TIPREC0115" securityLevel="SecurityLow" permissionPrefix="TIPREC0115" xmlns="qv" />
  <Object name="TMPPAGEST" securityLevel="SecurityLow" permissionPrefix="TMPPAGEST" xmlns="qv" />
  <Object name="TPRF0100" securityLevel="SecurityLow" permissionPrefix="TPRF0100" xmlns="qv" />
  <Object name="TRBOB0111" securityLevel="SecurityLow" permissionPrefix="TRBOB0111" xmlns="qv" />
  <Object name="TVw001" securityLevel="SecurityLow" permissionPrefix="TVw001" xmlns="qv" />
  <Object name="VAN0004" securityLevel="SecurityLow" permissionPrefix="VAN0004" xmlns="qv" />
  <Object name="VwReembolsos" securityLevel="SecurityLow" permissionPrefix="VwReembolsos" xmlns="qv" />
  <Object name="ADQ0011" securityLevel="SecurityLow" permissionPrefix="ADQ0011" xmlns="qv" />
  <Object name="Est06" securityLevel="SecurityLow" permissionPrefix="Est06" xmlns="qv" />
  <Object name="CessaoStatus" securityLevel="SecurityLow" permissionPrefix="CessaoStatus" xmlns="qv" />
  <Object name="HierarquiaParceiro" securityLevel="SecurityLow" permissionPrefix="HierarquiaParceiro" xmlns="qv" />
  <Object name="HierarquiaTipo" securityLevel="SecurityLow" permissionPrefix="HierarquiaTipo" xmlns="qv" />
  <Object name="TRN08" securityLevel="SecurityLow" permissionPrefix="TRN08" xmlns="qv" />
  <Object name="Termo" securityLevel="SecurityLow" permissionPrefix="Termo" xmlns="qv" />
  <Object name="TrnPagSeg" securityLevel="SecurityLow" permissionPrefix="TrnPagSeg" xmlns="qv" />
  <Object name="WWPBaseObjects.NotAuthorized" securityLevel="SecurityLow" permissionPrefix="NotAuthorized" xmlns="qv" />
  <Object name="GAMWWSecurityPolicy" securityLevel="SecurityLow" permissionPrefix="GAMWWSecurityPolicy" xmlns="qv" />
  <Object name="GAMWWRepositories" securityLevel="SecurityLow" permissionPrefix="GAMWWRepositories" xmlns="qv" />
  <Object name="GAMExampleRegisterUser" securityLevel="SecurityNone" permissionPrefix="GAMExampleRegisterUser" xmlns="qv" />
  <Object name="GAMAppPermissionEntry" securityLevel="SecurityLow" permissionPrefix="GAMAppPermissionEntry" xmlns="qv" />
  <Object name="GAMRoleSelect" securityLevel="SecurityLow" permissionPrefix="GAMRoleSelect" xmlns="qv" />
  <Object name="HAJM0100_GRID" securityLevel="SecurityLow" permissionPrefix="HAJM0100_GRID" xmlns="qv" />
  <Object name="vendasanaliticas" securityLevel="SecurityLow" permissionPrefix="vendasanaliticas" xmlns="qv" />
  <Object name="hbfp018" securityLevel="SecurityLow" permissionPrefix="hbfp018" xmlns="qv" />
  <Object name="hbfp009" securityLevel="SecurityLow" permissionPrefix="hbfp009" xmlns="qv" />
  <Object name="hbfp032det" securityLevel="SecurityLow" permissionPrefix="hbfp032det" xmlns="qv" />
  <Object name="hbfp042" securityLevel="SecurityLow" permissionPrefix="hbfp042" xmlns="qv" />
  <Object name="hvan0100" securityLevel="SecurityLow" permissionPrefix="hvan0100" xmlns="qv" />
  <Object name="Vendas_Estabelecimento" securityLevel="SecurityLow" permissionPrefix="Vendas_Estabelecimento" xmlns="qv" />
  <Object name="TelaHierarquia" securityLevel="SecurityLow" permissionPrefix="TelaHierarquia" xmlns="qv" />
  <Object name="AgendaEstDet" securityLevel="SecurityLow" permissionPrefix="AgendaEstDet" xmlns="qv" />
  <Object name="SenhaTransacaoNovaSenha" securityLevel="SecurityNone" permissionPrefix="SenhaTransacaoNovaSenha" xmlns="qv" />
  <Object name="HierarquiaComercialWW" securityLevel="SecurityLow" permissionPrefix="HierarquiaComercialWW" xmlns="qv" />
  <Object name="PrestacaoServico_Parceiro" securityLevel="SecurityLow" permissionPrefix="PrestacaoServico_Parceiro" xmlns="qv" />
  <Object name="PrestacaoServico_Estabelecimento" securityLevel="SecurityLow" permissionPrefix="PrestacaoServico_Estabelecimento" xmlns="qv" />
  <Object name="Agenda_Estabelecimento" securityLevel="SecurityLow" permissionPrefix="Agenda_Estabelecimento" xmlns="qv" />
</Objects>